epoch,accuracy,loss,val_accuracy,val_loss
0,0.8230213522911072,0.4082978665828705,0.8828666806221008,0.29066136479377747
1,0.8840263485908508,0.2878401577472687,0.8882609605789185,0.26670315861701965
2,0.898025393486023,0.2568703293800354,0.8890315890312195,0.26316988468170166
3,0.9086209535598755,0.2306331992149353,0.8916003108024597,0.2632911503314972
4,0.9178680181503296,0.20696406066417694,0.8895453214645386,0.27170538902282715
5,0.9330229759216309,0.17650899291038513,0.8885178565979004,0.3037952184677124
6,0.9445496797561646,0.14810232818126678,0.8864628672599792,0.3319997191429138
7,0.9588055610656738,0.11432015150785446,0.8836373090744019,0.36486539244651794

