epoch,accuracy,loss,val_accuracy,val_loss
0,0.8397495746612549,0.3777277171611786,0.8797842264175415,0.28897663950920105
1,0.8854390978813171,0.28165462613105774,0.8898022174835205,0.2775980532169342
2,0.8993096947669983,0.2505775988101959,0.8926277756690979,0.27830079197883606
3,0.9095199704170227,0.22599174082279205,0.8944258689880371,0.2801967263221741
4,0.9242575168609619,0.19690069556236267,0.8921140432357788,0.3186366558074951
5,0.9371006488800049,0.16411250829696655,0.8926277756690979,0.34003448486328125
6,0.9495264291763306,0.1326073259115219,0.8880041241645813,0.3867378532886505
7,0.9627869725227356,0.1025065928697586,0.8836373090744019,0.4436121881008148
