epoch,accuracy,loss,val_accuracy,val_loss
0,0.8642799854278564,0.32232892513275146,0.8887747526168823,0.2901688814163208
1,0.9041258692741394,0.2404799610376358,0.8951964974403381,0.3108499050140381
2,0.9396050572395325,0.16282722353935242,0.8923709392547607,0.39428985118865967
3,0.9677957892417908,0.09413635730743408,0.8851785063743591,0.48055651783943176
4,0.9783914089202881,0.06413958221673965,0.884921669960022,0.5021314024925232
5,0.9839781522750854,0.046774644404649734,0.8905728459358215,0.5866937041282654
6,0.9876063466072083,0.03671790286898613,0.884921669960022,0.4917066693305969
7,0.9900144338607788,0.02896592579782009,0.8913434147834778,0.7405784130096436
