epoch,accuracy,loss,val_accuracy,val_loss
0,0.8194252848625183,0.4116058349609375,0.8862060308456421,0.279776930809021
1,0.8823246359825134,0.2923758625984192,0.8916003108024597,0.264121949672699
2,0.8909616470336914,0.2647545337677002,0.8972514867782593,0.26188600063323975
3,0.9017499089241028,0.2430063784122467,0.8977652192115784,0.25490105152130127
4,0.9104832410812378,0.22401133179664612,0.8998202085494995,0.26191118359565735
5,0.9211430549621582,0.2018543928861618,0.9000770449638367,0.2729826867580414
6,0.9274361729621887,0.1828925460577011,0.8969945907592773,0.28031572699546814
7,0.937807023525238,0.16000649333000183,0.8964808583259583,0.30190154910087585
