epoch,accuracy,loss,val_accuracy,val_loss
0,0.662225067615509,0.6844885945320129,0.7929617166519165,0.44672682881355286
1,0.7862257361412048,0.4800839424133301,0.8558952212333679,0.34128445386886597
2,0.835832417011261,0.39762818813323975,0.8728486895561218,0.3141942024230957
3,0.85365229845047,0.3612104058265686,0.8772155046463013,0.3024214506149292
4,0.8616792559623718,0.34455955028533936,0.8805548548698425,0.29416075348854065
5,0.8646973967552185,0.3350716531276703,0.8836373090744019,0.28800100088119507
6,0.866784393787384,0.3260688781738281,0.8864628672599792,0.2840034067630768
7,0.8717290163040161,0.31541210412979126,0.8880041241645813,0.28035882115364075
