epoch,accuracy,loss,val_accuracy,val_loss
0,0.8213838338851929,0.40178734064102173,0.8777292370796204,0.3019208610057831
1,0.8803339004516602,0.29147812724113464,0.8867197632789612,0.2842618227005005
2,0.8900946974754333,0.27098822593688965,0.8905728459358215,0.2767155170440674
3,0.8952640891075134,0.2560977041721344,0.8928846716880798,0.26946282386779785
4,0.9010435342788696,0.24461017549037933,0.8923709392547607,0.26802709698677063
5,0.9052496552467346,0.23158800601959229,0.893912136554718,0.2737105190753937
6,0.9116712212562561,0.2195787876844406,0.8918572068214417,0.2800504267215729
7,0.9161663055419922,0.20885348320007324,0.8903159499168396,0.2814122140407562